{"std": [6.0113387, 6.0113387, 6.0113387], "mean": [10.940821, 10.940821, 10.940821]}
